[{"created_at":"Wed Aug 03 06:23:50 +0000 2016","id":760722827045662721,"id_str":"760722827045662721","text":"Make us something special for our 10th birthday! https:\/\/t.co\/dSSVudnB7o https:\/\/t.co\/XwjQeoj1Id","truncated":false,"entities":{"hashtags":[],"symbols":[],"user_mentions":[],"urls":[{"url":"https:\/\/t.co\/dSSVudnB7o","expanded_url":"http:\/\/enva.to\/EwRdk","display_url":"enva.to\/EwRdk","indices":[49,72]}],"media":[{"id":760722823027552256,"id_str":"760722823027552256","indices":[73,96],"media_url":"http:\/\/pbs.twimg.com\/media\/Co6hYIcW8AAkrkR.jpg","media_url_https":"https:\/\/pbs.twimg.com\/media\/Co6hYIcW8AAkrkR.jpg","url":"https:\/\/t.co\/XwjQeoj1Id","display_url":"pic.twitter.com\/XwjQeoj1Id","expanded_url":"http:\/\/twitter.com\/envato\/status\/760722827045662721\/photo\/1","type":"photo","sizes":{"large":{"w":600,"h":600,"resize":"fit"},"medium":{"w":600,"h":600,"resize":"fit"},"thumb":{"w":150,"h":150,"resize":"crop"},"small":{"w":600,"h":600,"resize":"fit"}}}]},"extended_entities":{"media":[{"id":760722823027552256,"id_str":"760722823027552256","indices":[73,96],"media_url":"http:\/\/pbs.twimg.com\/media\/Co6hYIcW8AAkrkR.jpg","media_url_https":"https:\/\/pbs.twimg.com\/media\/Co6hYIcW8AAkrkR.jpg","url":"https:\/\/t.co\/XwjQeoj1Id","display_url":"pic.twitter.com\/XwjQeoj1Id","expanded_url":"http:\/\/twitter.com\/envato\/status\/760722827045662721\/photo\/1","type":"photo","sizes":{"large":{"w":600,"h":600,"resize":"fit"},"medium":{"w":600,"h":600,"resize":"fit"},"thumb":{"w":150,"h":150,"resize":"crop"},"small":{"w":600,"h":600,"resize":"fit"}}}]},"source":"\u003ca href=\"http:\/\/www.hootsuite.com\" rel=\"nofollow\"\u003eHootsuite\u003c\/a\u003e","in_reply_to_status_id":null,"in_reply_to_status_id_str":null,"in_reply_to_user_id":null,"in_reply_to_user_id_str":null,"in_reply_to_screen_name":null,"user":{"id":16582191,"id_str":"16582191","name":"Envato","screen_name":"envato","location":"Melbourne","description":"A global community of designers & developers. #Australian made #startup @envatomarket @tutsplus. Customer support @envato_help","url":"http:\/\/t.co\/5OvUThFPYI","entities":{"url":{"urls":[{"url":"http:\/\/t.co\/5OvUThFPYI","expanded_url":"http:\/\/envato.com","display_url":"envato.com","indices":[0,22]}]},"description":{"urls":[]}},"protected":false,"followers_count":60225,"friends_count":1492,"listed_count":2021,"created_at":"Fri Oct 03 19:11:51 +0000 2008","favourites_count":706,"utc_offset":36000,"time_zone":"Melbourne","geo_enabled":false,"verified":true,"statuses_count":7756,"lang":"en","contributors_enabled":false,"is_translator":false,"is_translation_enabled":false,"profile_background_color":"323435","profile_background_image_url":"http:\/\/pbs.twimg.com\/profile_background_images\/378800000036129044\/4aaf87e960f30537daa1a0a0c3c4fc31.jpeg","profile_background_image_url_https":"https:\/\/pbs.twimg.com\/profile_background_images\/378800000036129044\/4aaf87e960f30537daa1a0a0c3c4fc31.jpeg","profile_background_tile":false,"profile_image_url":"http:\/\/pbs.twimg.com\/profile_images\/655904741617086464\/nwevoHSQ_normal.png","profile_image_url_https":"https:\/\/pbs.twimg.com\/profile_images\/655904741617086464\/nwevoHSQ_normal.png","profile_banner_url":"https:\/\/pbs.twimg.com\/profile_banners\/16582191\/1470016630","profile_link_color":"83B449","profile_sidebar_border_color":"FFFFFF","profile_sidebar_fill_color":"6C9450","profile_text_color":"242424","profile_use_background_image":true,"has_extended_profile":false,"default_profile":false,"default_profile_image":false,"following":false,"follow_request_sent":false,"notifications":false},"geo":null,"coordinates":null,"place":null,"contributors":null,"is_quote_status":false,"retweet_count":3,"favorite_count":5,"favorited":false,"retweeted":false,"possibly_sensitive":false,"lang":"en"},{"created_at":"Tue Aug 02 11:35:09 +0000 2016","id":760438787440779264,"id_str":"760438787440779264","text":"Start spreading the news; we're hosting a New York meetup in September. https:\/\/t.co\/K5JDktRsyg","truncated":false,"entities":{"hashtags":[],"symbols":[],"user_mentions":[],"urls":[{"url":"https:\/\/t.co\/K5JDktRsyg","expanded_url":"https:\/\/nvite.com\/EnvatoNYC\/eb3f","display_url":"nvite.com\/EnvatoNYC\/eb3f","indices":[72,95]}]},"source":"\u003ca href=\"http:\/\/www.hootsuite.com\" rel=\"nofollow\"\u003eHootsuite\u003c\/a\u003e","in_reply_to_status_id":null,"in_reply_to_status_id_str":null,"in_reply_to_user_id":null,"in_reply_to_user_id_str":null,"in_reply_to_screen_name":null,"user":{"id":16582191,"id_str":"16582191","name":"Envato","screen_name":"envato","location":"Melbourne","description":"A global community of designers & developers. #Australian made #startup @envatomarket @tutsplus. Customer support @envato_help","url":"http:\/\/t.co\/5OvUThFPYI","entities":{"url":{"urls":[{"url":"http:\/\/t.co\/5OvUThFPYI","expanded_url":"http:\/\/envato.com","display_url":"envato.com","indices":[0,22]}]},"description":{"urls":[]}},"protected":false,"followers_count":60225,"friends_count":1492,"listed_count":2021,"created_at":"Fri Oct 03 19:11:51 +0000 2008","favourites_count":706,"utc_offset":36000,"time_zone":"Melbourne","geo_enabled":false,"verified":true,"statuses_count":7756,"lang":"en","contributors_enabled":false,"is_translator":false,"is_translation_enabled":false,"profile_background_color":"323435","profile_background_image_url":"http:\/\/pbs.twimg.com\/profile_background_images\/378800000036129044\/4aaf87e960f30537daa1a0a0c3c4fc31.jpeg","profile_background_image_url_https":"https:\/\/pbs.twimg.com\/profile_background_images\/378800000036129044\/4aaf87e960f30537daa1a0a0c3c4fc31.jpeg","profile_background_tile":false,"profile_image_url":"http:\/\/pbs.twimg.com\/profile_images\/655904741617086464\/nwevoHSQ_normal.png","profile_image_url_https":"https:\/\/pbs.twimg.com\/profile_images\/655904741617086464\/nwevoHSQ_normal.png","profile_banner_url":"https:\/\/pbs.twimg.com\/profile_banners\/16582191\/1470016630","profile_link_color":"83B449","profile_sidebar_border_color":"FFFFFF","profile_sidebar_fill_color":"6C9450","profile_text_color":"242424","profile_use_background_image":true,"has_extended_profile":false,"default_profile":false,"default_profile_image":false,"following":false,"follow_request_sent":false,"notifications":false},"geo":null,"coordinates":null,"place":null,"contributors":null,"is_quote_status":false,"retweet_count":2,"favorite_count":3,"favorited":false,"retweeted":false,"possibly_sensitive":false,"lang":"en"},{"created_at":"Tue Aug 02 07:08:08 +0000 2016","id":760371588172775424,"id_str":"760371588172775424","text":"Got a cool project made with something from Envato? Show us &amp; you could win. https:\/\/t.co\/TzK0xPL81B #madewithenvato https:\/\/t.co\/T607bD8LuX","truncated":false,"entities":{"hashtags":[{"text":"madewithenvato","indices":[105,120]}],"symbols":[],"user_mentions":[],"urls":[{"url":"https:\/\/t.co\/TzK0xPL81B","expanded_url":"http:\/\/enva.to\/etPbW","display_url":"enva.to\/etPbW","indices":[81,104]}],"media":[{"id":760371585643581440,"id_str":"760371585643581440","indices":[121,144],"media_url":"http:\/\/pbs.twimg.com\/media\/Co1h7bOWEAAa1eK.jpg","media_url_https":"https:\/\/pbs.twimg.com\/media\/Co1h7bOWEAAa1eK.jpg","url":"https:\/\/t.co\/T607bD8LuX","display_url":"pic.twitter.com\/T607bD8LuX","expanded_url":"http:\/\/twitter.com\/envato\/status\/760371588172775424\/photo\/1","type":"photo","sizes":{"large":{"w":600,"h":600,"resize":"fit"},"medium":{"w":600,"h":600,"resize":"fit"},"thumb":{"w":150,"h":150,"resize":"crop"},"small":{"w":600,"h":600,"resize":"fit"}}}]},"extended_entities":{"media":[{"id":760371585643581440,"id_str":"760371585643581440","indices":[121,144],"media_url":"http:\/\/pbs.twimg.com\/media\/Co1h7bOWEAAa1eK.jpg","media_url_https":"https:\/\/pbs.twimg.com\/media\/Co1h7bOWEAAa1eK.jpg","url":"https:\/\/t.co\/T607bD8LuX","display_url":"pic.twitter.com\/T607bD8LuX","expanded_url":"http:\/\/twitter.com\/envato\/status\/760371588172775424\/photo\/1","type":"photo","sizes":{"large":{"w":600,"h":600,"resize":"fit"},"medium":{"w":600,"h":600,"resize":"fit"},"thumb":{"w":150,"h":150,"resize":"crop"},"small":{"w":600,"h":600,"resize":"fit"}}}]},"source":"\u003ca href=\"http:\/\/www.hootsuite.com\" rel=\"nofollow\"\u003eHootsuite\u003c\/a\u003e","in_reply_to_status_id":null,"in_reply_to_status_id_str":null,"in_reply_to_user_id":null,"in_reply_to_user_id_str":null,"in_reply_to_screen_name":null,"user":{"id":16582191,"id_str":"16582191","name":"Envato","screen_name":"envato","location":"Melbourne","description":"A global community of designers & developers. #Australian made #startup @envatomarket @tutsplus. Customer support @envato_help","url":"http:\/\/t.co\/5OvUThFPYI","entities":{"url":{"urls":[{"url":"http:\/\/t.co\/5OvUThFPYI","expanded_url":"http:\/\/envato.com","display_url":"envato.com","indices":[0,22]}]},"description":{"urls":[]}},"protected":false,"followers_count":60225,"friends_count":1492,"listed_count":2021,"created_at":"Fri Oct 03 19:11:51 +0000 2008","favourites_count":706,"utc_offset":36000,"time_zone":"Melbourne","geo_enabled":false,"verified":true,"statuses_count":7756,"lang":"en","contributors_enabled":false,"is_translator":false,"is_translation_enabled":false,"profile_background_color":"323435","profile_background_image_url":"http:\/\/pbs.twimg.com\/profile_background_images\/378800000036129044\/4aaf87e960f30537daa1a0a0c3c4fc31.jpeg","profile_background_image_url_https":"https:\/\/pbs.twimg.com\/profile_background_images\/378800000036129044\/4aaf87e960f30537daa1a0a0c3c4fc31.jpeg","profile_background_tile":false,"profile_image_url":"http:\/\/pbs.twimg.com\/profile_images\/655904741617086464\/nwevoHSQ_normal.png","profile_image_url_https":"https:\/\/pbs.twimg.com\/profile_images\/655904741617086464\/nwevoHSQ_normal.png","profile_banner_url":"https:\/\/pbs.twimg.com\/profile_banners\/16582191\/1470016630","profile_link_color":"83B449","profile_sidebar_border_color":"FFFFFF","profile_sidebar_fill_color":"6C9450","profile_text_color":"242424","profile_use_background_image":true,"has_extended_profile":false,"default_profile":false,"default_profile_image":false,"following":false,"follow_request_sent":false,"notifications":false},"geo":null,"coordinates":null,"place":null,"contributors":null,"is_quote_status":false,"retweet_count":4,"favorite_count":11,"favorited":false,"retweeted":false,"possibly_sensitive":false,"lang":"en"},{"created_at":"Mon Aug 01 05:49:02 +0000 2016","id":759989294614384640,"id_str":"759989294614384640","text":"The importance of #webdesign style guides. https:\/\/t.co\/lTAJE9HhXR https:\/\/t.co\/6ooZflRSip","truncated":false,"entities":{"hashtags":[{"text":"webdesign","indices":[18,28]}],"symbols":[],"user_mentions":[],"urls":[{"url":"https:\/\/t.co\/lTAJE9HhXR","expanded_url":"http:\/\/enva.to\/WFiw8","display_url":"enva.to\/WFiw8","indices":[43,66]}],"media":[{"id":759989291703492608,"id_str":"759989291703492608","indices":[67,90],"media_url":"http:\/\/pbs.twimg.com\/media\/CowGO_UWYAADlAC.jpg","media_url_https":"https:\/\/pbs.twimg.com\/media\/CowGO_UWYAADlAC.jpg","url":"https:\/\/t.co\/6ooZflRSip","display_url":"pic.twitter.com\/6ooZflRSip","expanded_url":"http:\/\/twitter.com\/envato\/status\/759989294614384640\/photo\/1","type":"photo","sizes":{"small":{"w":506,"h":200,"resize":"fit"},"medium":{"w":506,"h":200,"resize":"fit"},"thumb":{"w":150,"h":150,"resize":"crop"},"large":{"w":506,"h":200,"resize":"fit"}}}]},"extended_entities":{"media":[{"id":759989291703492608,"id_str":"759989291703492608","indices":[67,90],"media_url":"http:\/\/pbs.twimg.com\/media\/CowGO_UWYAADlAC.jpg","media_url_https":"https:\/\/pbs.twimg.com\/media\/CowGO_UWYAADlAC.jpg","url":"https:\/\/t.co\/6ooZflRSip","display_url":"pic.twitter.com\/6ooZflRSip","expanded_url":"http:\/\/twitter.com\/envato\/status\/759989294614384640\/photo\/1","type":"photo","sizes":{"small":{"w":506,"h":200,"resize":"fit"},"medium":{"w":506,"h":200,"resize":"fit"},"thumb":{"w":150,"h":150,"resize":"crop"},"large":{"w":506,"h":200,"resize":"fit"}}}]},"source":"\u003ca href=\"http:\/\/www.hootsuite.com\" rel=\"nofollow\"\u003eHootsuite\u003c\/a\u003e","in_reply_to_status_id":null,"in_reply_to_status_id_str":null,"in_reply_to_user_id":null,"in_reply_to_user_id_str":null,"in_reply_to_screen_name":null,"user":{"id":16582191,"id_str":"16582191","name":"Envato","screen_name":"envato","location":"Melbourne","description":"A global community of designers & developers. #Australian made #startup @envatomarket @tutsplus. Customer support @envato_help","url":"http:\/\/t.co\/5OvUThFPYI","entities":{"url":{"urls":[{"url":"http:\/\/t.co\/5OvUThFPYI","expanded_url":"http:\/\/envato.com","display_url":"envato.com","indices":[0,22]}]},"description":{"urls":[]}},"protected":false,"followers_count":60225,"friends_count":1492,"listed_count":2021,"created_at":"Fri Oct 03 19:11:51 +0000 2008","favourites_count":706,"utc_offset":36000,"time_zone":"Melbourne","geo_enabled":false,"verified":true,"statuses_count":7756,"lang":"en","contributors_enabled":false,"is_translator":false,"is_translation_enabled":false,"profile_background_color":"323435","profile_background_image_url":"http:\/\/pbs.twimg.com\/profile_background_images\/378800000036129044\/4aaf87e960f30537daa1a0a0c3c4fc31.jpeg","profile_background_image_url_https":"https:\/\/pbs.twimg.com\/profile_background_images\/378800000036129044\/4aaf87e960f30537daa1a0a0c3c4fc31.jpeg","profile_background_tile":false,"profile_image_url":"http:\/\/pbs.twimg.com\/profile_images\/655904741617086464\/nwevoHSQ_normal.png","profile_image_url_https":"https:\/\/pbs.twimg.com\/profile_images\/655904741617086464\/nwevoHSQ_normal.png","profile_banner_url":"https:\/\/pbs.twimg.com\/profile_banners\/16582191\/1470016630","profile_link_color":"83B449","profile_sidebar_border_color":"FFFFFF","profile_sidebar_fill_color":"6C9450","profile_text_color":"242424","profile_use_background_image":true,"has_extended_profile":false,"default_profile":false,"default_profile_image":false,"following":false,"follow_request_sent":false,"notifications":false},"geo":null,"coordinates":null,"place":null,"contributors":null,"is_quote_status":false,"retweet_count":3,"favorite_count":13,"favorited":false,"retweeted":false,"possibly_sensitive":false,"lang":"en"},{"created_at":"Sun Jul 31 03:47:25 +0000 2016","id":759596300321054720,"id_str":"759596300321054720","text":"RT @envato_help: Envato Market is now back online. Thanks for your patience during this upgrade!","truncated":false,"entities":{"hashtags":[],"symbols":[],"user_mentions":[{"screen_name":"envato_help","name":"Envato Help","id":69223973,"id_str":"69223973","indices":[3,15]}],"urls":[]},"source":"\u003ca href=\"http:\/\/www.hootsuite.com\" rel=\"nofollow\"\u003eHootsuite\u003c\/a\u003e","in_reply_to_status_id":null,"in_reply_to_status_id_str":null,"in_reply_to_user_id":null,"in_reply_to_user_id_str":null,"in_reply_to_screen_name":null,"user":{"id":16582191,"id_str":"16582191","name":"Envato","screen_name":"envato","location":"Melbourne","description":"A global community of designers & developers. #Australian made #startup @envatomarket @tutsplus. Customer support @envato_help","url":"http:\/\/t.co\/5OvUThFPYI","entities":{"url":{"urls":[{"url":"http:\/\/t.co\/5OvUThFPYI","expanded_url":"http:\/\/envato.com","display_url":"envato.com","indices":[0,22]}]},"description":{"urls":[]}},"protected":false,"followers_count":60225,"friends_count":1492,"listed_count":2021,"created_at":"Fri Oct 03 19:11:51 +0000 2008","favourites_count":706,"utc_offset":36000,"time_zone":"Melbourne","geo_enabled":false,"verified":true,"statuses_count":7756,"lang":"en","contributors_enabled":false,"is_translator":false,"is_translation_enabled":false,"profile_background_color":"323435","profile_background_image_url":"http:\/\/pbs.twimg.com\/profile_background_images\/378800000036129044\/4aaf87e960f30537daa1a0a0c3c4fc31.jpeg","profile_background_image_url_https":"https:\/\/pbs.twimg.com\/profile_background_images\/378800000036129044\/4aaf87e960f30537daa1a0a0c3c4fc31.jpeg","profile_background_tile":false,"profile_image_url":"http:\/\/pbs.twimg.com\/profile_images\/655904741617086464\/nwevoHSQ_normal.png","profile_image_url_https":"https:\/\/pbs.twimg.com\/profile_images\/655904741617086464\/nwevoHSQ_normal.png","profile_banner_url":"https:\/\/pbs.twimg.com\/profile_banners\/16582191\/1470016630","profile_link_color":"83B449","profile_sidebar_border_color":"FFFFFF","profile_sidebar_fill_color":"6C9450","profile_text_color":"242424","profile_use_background_image":true,"has_extended_profile":false,"default_profile":false,"default_profile_image":false,"following":false,"follow_request_sent":false,"notifications":false},"geo":null,"coordinates":null,"place":null,"contributors":null,"retweeted_status":{"created_at":"Sun Jul 31 03:46:48 +0000 2016","id":759596147132465152,"id_str":"759596147132465152","text":"Envato Market is now back online. Thanks for your patience during this upgrade!","truncated":false,"entities":{"hashtags":[],"symbols":[],"user_mentions":[],"urls":[]},"source":"\u003ca href=\"http:\/\/www.hootsuite.com\" rel=\"nofollow\"\u003eHootsuite\u003c\/a\u003e","in_reply_to_status_id":null,"in_reply_to_status_id_str":null,"in_reply_to_user_id":null,"in_reply_to_user_id_str":null,"in_reply_to_screen_name":null,"user":{"id":69223973,"id_str":"69223973","name":"Envato Help","screen_name":"envato_help","location":"","description":"We're here to help.","url":"http:\/\/t.co\/jhBMHKicNx","entities":{"url":{"urls":[{"url":"http:\/\/t.co\/jhBMHKicNx","expanded_url":"http:\/\/help.market.envato.com","display_url":"help.market.envato.com","indices":[0,22]}]},"description":{"urls":[]}},"protected":false,"followers_count":15796,"friends_count":368,"listed_count":264,"created_at":"Thu Aug 27 06:47:18 +0000 2009","favourites_count":16,"utc_offset":36000,"time_zone":"Melbourne","geo_enabled":false,"verified":false,"statuses_count":27248,"lang":"en","contributors_enabled":false,"is_translator":false,"is_translation_enabled":false,"profile_background_color":"2E2E2E","profile_background_image_url":"http:\/\/pbs.twimg.com\/profile_background_images\/378800000176448832\/PZhXAD7j.jpeg","profile_background_image_url_https":"https:\/\/pbs.twimg.com\/profile_background_images\/378800000176448832\/PZhXAD7j.jpeg","profile_background_tile":false,"profile_image_url":"http:\/\/pbs.twimg.com\/profile_images\/545169076297793537\/QaoMVX6q_normal.png","profile_image_url_https":"https:\/\/pbs.twimg.com\/profile_images\/545169076297793537\/QaoMVX6q_normal.png","profile_banner_url":"https:\/\/pbs.twimg.com\/profile_banners\/69223973\/1392247873","profile_link_color":"83B449","profile_sidebar_border_color":"FFFFFF","profile_sidebar_fill_color":"DDFFCC","profile_text_color":"333333","profile_use_background_image":true,"has_extended_profile":false,"default_profile":false,"default_profile_image":false,"following":false,"follow_request_sent":false,"notifications":false},"geo":null,"coordinates":null,"place":null,"contributors":null,"is_quote_status":false,"retweet_count":5,"favorite_count":7,"favorited":false,"retweeted":false,"lang":"en"},"is_quote_status":false,"retweet_count":5,"favorite_count":0,"favorited":false,"retweeted":false,"lang":"en"},{"created_at":"Sat Jul 30 23:06:12 +0000 2016","id":759525529708011521,"id_str":"759525529708011521","text":"RT @envato_help: Envato Market is now temporarily offline for our hosting provider move. Head to https:\/\/t.co\/NaHk6zP06n for more info &amp; li\u2026","truncated":false,"entities":{"hashtags":[],"symbols":[],"user_mentions":[{"screen_name":"envato_help","name":"Envato Help","id":69223973,"id_str":"69223973","indices":[3,15]}],"urls":[{"url":"https:\/\/t.co\/NaHk6zP06n","expanded_url":"http:\/\/status.envato.com\/","display_url":"status.envato.com","indices":[97,120]}]},"source":"\u003ca href=\"http:\/\/www.hootsuite.com\" rel=\"nofollow\"\u003eHootsuite\u003c\/a\u003e","in_reply_to_status_id":null,"in_reply_to_status_id_str":null,"in_reply_to_user_id":null,"in_reply_to_user_id_str":null,"in_reply_to_screen_name":null,"user":{"id":16582191,"id_str":"16582191","name":"Envato","screen_name":"envato","location":"Melbourne","description":"A global community of designers & developers. #Australian made #startup @envatomarket @tutsplus. Customer support @envato_help","url":"http:\/\/t.co\/5OvUThFPYI","entities":{"url":{"urls":[{"url":"http:\/\/t.co\/5OvUThFPYI","expanded_url":"http:\/\/envato.com","display_url":"envato.com","indices":[0,22]}]},"description":{"urls":[]}},"protected":false,"followers_count":60225,"friends_count":1492,"listed_count":2021,"created_at":"Fri Oct 03 19:11:51 +0000 2008","favourites_count":706,"utc_offset":36000,"time_zone":"Melbourne","geo_enabled":false,"verified":true,"statuses_count":7756,"lang":"en","contributors_enabled":false,"is_translator":false,"is_translation_enabled":false,"profile_background_color":"323435","profile_background_image_url":"http:\/\/pbs.twimg.com\/profile_background_images\/378800000036129044\/4aaf87e960f30537daa1a0a0c3c4fc31.jpeg","profile_background_image_url_https":"https:\/\/pbs.twimg.com\/profile_background_images\/378800000036129044\/4aaf87e960f30537daa1a0a0c3c4fc31.jpeg","profile_background_tile":false,"profile_image_url":"http:\/\/pbs.twimg.com\/profile_images\/655904741617086464\/nwevoHSQ_normal.png","profile_image_url_https":"https:\/\/pbs.twimg.com\/profile_images\/655904741617086464\/nwevoHSQ_normal.png","profile_banner_url":"https:\/\/pbs.twimg.com\/profile_banners\/16582191\/1470016630","profile_link_color":"83B449","profile_sidebar_border_color":"FFFFFF","profile_sidebar_fill_color":"6C9450","profile_text_color":"242424","profile_use_background_image":true,"has_extended_profile":false,"default_profile":false,"default_profile_image":false,"following":false,"follow_request_sent":false,"notifications":false},"geo":null,"coordinates":null,"place":null,"contributors":null,"retweeted_status":{"created_at":"Sat Jul 30 23:05:46 +0000 2016","id":759525420127559680,"id_str":"759525420127559680","text":"Envato Market is now temporarily offline for our hosting provider move. Head to https:\/\/t.co\/NaHk6zP06n for more info &amp; live updates.","truncated":false,"entities":{"hashtags":[],"symbols":[],"user_mentions":[],"urls":[{"url":"https:\/\/t.co\/NaHk6zP06n","expanded_url":"http:\/\/status.envato.com\/","display_url":"status.envato.com","indices":[80,103]}]},"source":"\u003ca href=\"http:\/\/twitter.com\" rel=\"nofollow\"\u003eTwitter Web Client\u003c\/a\u003e","in_reply_to_status_id":759510121386872832,"in_reply_to_status_id_str":"759510121386872832","in_reply_to_user_id":69223973,"in_reply_to_user_id_str":"69223973","in_reply_to_screen_name":"envato_help","user":{"id":69223973,"id_str":"69223973","name":"Envato Help","screen_name":"envato_help","location":"","description":"We're here to help.","url":"http:\/\/t.co\/jhBMHKicNx","entities":{"url":{"urls":[{"url":"http:\/\/t.co\/jhBMHKicNx","expanded_url":"http:\/\/help.market.envato.com","display_url":"help.market.envato.com","indices":[0,22]}]},"description":{"urls":[]}},"protected":false,"followers_count":15796,"friends_count":368,"listed_count":264,"created_at":"Thu Aug 27 06:47:18 +0000 2009","favourites_count":16,"utc_offset":36000,"time_zone":"Melbourne","geo_enabled":false,"verified":false,"statuses_count":27248,"lang":"en","contributors_enabled":false,"is_translator":false,"is_translation_enabled":false,"profile_background_color":"2E2E2E","profile_background_image_url":"http:\/\/pbs.twimg.com\/profile_background_images\/378800000176448832\/PZhXAD7j.jpeg","profile_background_image_url_https":"https:\/\/pbs.twimg.com\/profile_background_images\/378800000176448832\/PZhXAD7j.jpeg","profile_background_tile":false,"profile_image_url":"http:\/\/pbs.twimg.com\/profile_images\/545169076297793537\/QaoMVX6q_normal.png","profile_image_url_https":"https:\/\/pbs.twimg.com\/profile_images\/545169076297793537\/QaoMVX6q_normal.png","profile_banner_url":"https:\/\/pbs.twimg.com\/profile_banners\/69223973\/1392247873","profile_link_color":"83B449","profile_sidebar_border_color":"FFFFFF","profile_sidebar_fill_color":"DDFFCC","profile_text_color":"333333","profile_use_background_image":true,"has_extended_profile":false,"default_profile":false,"default_profile_image":false,"following":false,"follow_request_sent":false,"notifications":false},"geo":null,"coordinates":null,"place":null,"contributors":null,"is_quote_status":false,"retweet_count":3,"favorite_count":3,"favorited":false,"retweeted":false,"possibly_sensitive":false,"lang":"en"},"is_quote_status":false,"retweet_count":3,"favorite_count":0,"favorited":false,"retweeted":false,"possibly_sensitive":false,"lang":"en"},{"created_at":"Sat Jul 30 22:36:54 +0000 2016","id":759518155555340288,"id_str":"759518155555340288","text":"RT @envato_help: Purchases on Envato Market are now temporarily disabled as we update our sites. For live status updates head to https:\/\/t.\u2026","truncated":false,"entities":{"hashtags":[],"symbols":[],"user_mentions":[{"screen_name":"envato_help","name":"Envato Help","id":69223973,"id_str":"69223973","indices":[3,15]}],"urls":[{"url":"https:\/\/t.co\/NaHk6zP06n","expanded_url":"http:\/\/status.envato.com\/","display_url":"status.envato.com","indices":[139,140]}]},"source":"\u003ca href=\"http:\/\/www.hootsuite.com\" rel=\"nofollow\"\u003eHootsuite\u003c\/a\u003e","in_reply_to_status_id":null,"in_reply_to_status_id_str":null,"in_reply_to_user_id":null,"in_reply_to_user_id_str":null,"in_reply_to_screen_name":null,"user":{"id":16582191,"id_str":"16582191","name":"Envato","screen_name":"envato","location":"Melbourne","description":"A global community of designers & developers. #Australian made #startup @envatomarket @tutsplus. Customer support @envato_help","url":"http:\/\/t.co\/5OvUThFPYI","entities":{"url":{"urls":[{"url":"http:\/\/t.co\/5OvUThFPYI","expanded_url":"http:\/\/envato.com","display_url":"envato.com","indices":[0,22]}]},"description":{"urls":[]}},"protected":false,"followers_count":60225,"friends_count":1492,"listed_count":2021,"created_at":"Fri Oct 03 19:11:51 +0000 2008","favourites_count":706,"utc_offset":36000,"time_zone":"Melbourne","geo_enabled":false,"verified":true,"statuses_count":7756,"lang":"en","contributors_enabled":false,"is_translator":false,"is_translation_enabled":false,"profile_background_color":"323435","profile_background_image_url":"http:\/\/pbs.twimg.com\/profile_background_images\/378800000036129044\/4aaf87e960f30537daa1a0a0c3c4fc31.jpeg","profile_background_image_url_https":"https:\/\/pbs.twimg.com\/profile_background_images\/378800000036129044\/4aaf87e960f30537daa1a0a0c3c4fc31.jpeg","profile_background_tile":false,"profile_image_url":"http:\/\/pbs.twimg.com\/profile_images\/655904741617086464\/nwevoHSQ_normal.png","profile_image_url_https":"https:\/\/pbs.twimg.com\/profile_images\/655904741617086464\/nwevoHSQ_normal.png","profile_banner_url":"https:\/\/pbs.twimg.com\/profile_banners\/16582191\/1470016630","profile_link_color":"83B449","profile_sidebar_border_color":"FFFFFF","profile_sidebar_fill_color":"6C9450","profile_text_color":"242424","profile_use_background_image":true,"has_extended_profile":false,"default_profile":false,"default_profile_image":false,"following":false,"follow_request_sent":false,"notifications":false},"geo":null,"coordinates":null,"place":null,"contributors":null,"retweeted_status":{"created_at":"Sat Jul 30 22:36:16 +0000 2016","id":759517996989546496,"id_str":"759517996989546496","text":"Purchases on Envato Market are now temporarily disabled as we update our sites. For live status updates head to https:\/\/t.co\/NaHk6zP06n.","truncated":false,"entities":{"hashtags":[],"symbols":[],"user_mentions":[],"urls":[{"url":"https:\/\/t.co\/NaHk6zP06n","expanded_url":"http:\/\/status.envato.com\/","display_url":"status.envato.com","indices":[112,135]}]},"source":"\u003ca href=\"http:\/\/twitter.com\" rel=\"nofollow\"\u003eTwitter Web Client\u003c\/a\u003e","in_reply_to_status_id":759510121386872832,"in_reply_to_status_id_str":"759510121386872832","in_reply_to_user_id":69223973,"in_reply_to_user_id_str":"69223973","in_reply_to_screen_name":"envato_help","user":{"id":69223973,"id_str":"69223973","name":"Envato Help","screen_name":"envato_help","location":"","description":"We're here to help.","url":"http:\/\/t.co\/jhBMHKicNx","entities":{"url":{"urls":[{"url":"http:\/\/t.co\/jhBMHKicNx","expanded_url":"http:\/\/help.market.envato.com","display_url":"help.market.envato.com","indices":[0,22]}]},"description":{"urls":[]}},"protected":false,"followers_count":15796,"friends_count":368,"listed_count":264,"created_at":"Thu Aug 27 06:47:18 +0000 2009","favourites_count":16,"utc_offset":36000,"time_zone":"Melbourne","geo_enabled":false,"verified":false,"statuses_count":27248,"lang":"en","contributors_enabled":false,"is_translator":false,"is_translation_enabled":false,"profile_background_color":"2E2E2E","profile_background_image_url":"http:\/\/pbs.twimg.com\/profile_background_images\/378800000176448832\/PZhXAD7j.jpeg","profile_background_image_url_https":"https:\/\/pbs.twimg.com\/profile_background_images\/378800000176448832\/PZhXAD7j.jpeg","profile_background_tile":false,"profile_image_url":"http:\/\/pbs.twimg.com\/profile_images\/545169076297793537\/QaoMVX6q_normal.png","profile_image_url_https":"https:\/\/pbs.twimg.com\/profile_images\/545169076297793537\/QaoMVX6q_normal.png","profile_banner_url":"https:\/\/pbs.twimg.com\/profile_banners\/69223973\/1392247873","profile_link_color":"83B449","profile_sidebar_border_color":"FFFFFF","profile_sidebar_fill_color":"DDFFCC","profile_text_color":"333333","profile_use_background_image":true,"has_extended_profile":false,"default_profile":false,"default_profile_image":false,"following":false,"follow_request_sent":false,"notifications":false},"geo":null,"coordinates":null,"place":null,"contributors":null,"is_quote_status":false,"retweet_count":5,"favorite_count":3,"favorited":false,"retweeted":false,"possibly_sensitive":false,"lang":"en"},"is_quote_status":false,"retweet_count":5,"favorite_count":0,"favorited":false,"retweeted":false,"possibly_sensitive":false,"lang":"en"},{"created_at":"Sat Jul 30 22:05:57 +0000 2016","id":759510368200851456,"id_str":"759510368200851456","text":"RT @envato_help: For more info on this maintenance head to https:\/\/t.co\/i5jaG2pWlr, &amp; you can check the current site status at https:\/\/t.co\u2026","truncated":false,"entities":{"hashtags":[],"symbols":[],"user_mentions":[{"screen_name":"envato_help","name":"Envato Help","id":69223973,"id_str":"69223973","indices":[3,15]}],"urls":[{"url":"https:\/\/t.co\/i5jaG2pWlr","expanded_url":"http:\/\/enva.to\/YHmwd","display_url":"enva.to\/YHmwd","indices":[59,82]},{"url":"https:\/\/t.co\/NaHk6zP06n","expanded_url":"http:\/\/status.envato.com\/","display_url":"status.envato.com","indices":[143,144]}]},"source":"\u003ca href=\"http:\/\/www.hootsuite.com\" rel=\"nofollow\"\u003eHootsuite\u003c\/a\u003e","in_reply_to_status_id":null,"in_reply_to_status_id_str":null,"in_reply_to_user_id":null,"in_reply_to_user_id_str":null,"in_reply_to_screen_name":null,"user":{"id":16582191,"id_str":"16582191","name":"Envato","screen_name":"envato","location":"Melbourne","description":"A global community of designers & developers. #Australian made #startup @envatomarket @tutsplus. Customer support @envato_help","url":"http:\/\/t.co\/5OvUThFPYI","entities":{"url":{"urls":[{"url":"http:\/\/t.co\/5OvUThFPYI","expanded_url":"http:\/\/envato.com","display_url":"envato.com","indices":[0,22]}]},"description":{"urls":[]}},"protected":false,"followers_count":60225,"friends_count":1492,"listed_count":2021,"created_at":"Fri Oct 03 19:11:51 +0000 2008","favourites_count":706,"utc_offset":36000,"time_zone":"Melbourne","geo_enabled":false,"verified":true,"statuses_count":7756,"lang":"en","contributors_enabled":false,"is_translator":false,"is_translation_enabled":false,"profile_background_color":"323435","profile_background_image_url":"http:\/\/pbs.twimg.com\/profile_background_images\/378800000036129044\/4aaf87e960f30537daa1a0a0c3c4fc31.jpeg","profile_background_image_url_https":"https:\/\/pbs.twimg.com\/profile_background_images\/378800000036129044\/4aaf87e960f30537daa1a0a0c3c4fc31.jpeg","profile_background_tile":false,"profile_image_url":"http:\/\/pbs.twimg.com\/profile_images\/655904741617086464\/nwevoHSQ_normal.png","profile_image_url_https":"https:\/\/pbs.twimg.com\/profile_images\/655904741617086464\/nwevoHSQ_normal.png","profile_banner_url":"https:\/\/pbs.twimg.com\/profile_banners\/16582191\/1470016630","profile_link_color":"83B449","profile_sidebar_border_color":"FFFFFF","profile_sidebar_fill_color":"6C9450","profile_text_color":"242424","profile_use_background_image":true,"has_extended_profile":false,"default_profile":false,"default_profile_image":false,"following":false,"follow_request_sent":false,"notifications":false},"geo":null,"coordinates":null,"place":null,"contributors":null,"retweeted_status":{"created_at":"Sat Jul 30 22:05:15 +0000 2016","id":759510191079428096,"id_str":"759510191079428096","text":"For more info on this maintenance head to https:\/\/t.co\/i5jaG2pWlr, &amp; you can check the current site status at https:\/\/t.co\/NaHk6zP06n.","truncated":false,"entities":{"hashtags":[],"symbols":[],"user_mentions":[],"urls":[{"url":"https:\/\/t.co\/i5jaG2pWlr","expanded_url":"http:\/\/enva.to\/YHmwd","display_url":"enva.to\/YHmwd","indices":[42,65]},{"url":"https:\/\/t.co\/NaHk6zP06n","expanded_url":"http:\/\/status.envato.com\/","display_url":"status.envato.com","indices":[114,137]}]},"source":"\u003ca href=\"http:\/\/twitter.com\" rel=\"nofollow\"\u003eTwitter Web Client\u003c\/a\u003e","in_reply_to_status_id":759510121386872832,"in_reply_to_status_id_str":"759510121386872832","in_reply_to_user_id":69223973,"in_reply_to_user_id_str":"69223973","in_reply_to_screen_name":"envato_help","user":{"id":69223973,"id_str":"69223973","name":"Envato Help","screen_name":"envato_help","location":"","description":"We're here to help.","url":"http:\/\/t.co\/jhBMHKicNx","entities":{"url":{"urls":[{"url":"http:\/\/t.co\/jhBMHKicNx","expanded_url":"http:\/\/help.market.envato.com","display_url":"help.market.envato.com","indices":[0,22]}]},"description":{"urls":[]}},"protected":false,"followers_count":15796,"friends_count":368,"listed_count":264,"created_at":"Thu Aug 27 06:47:18 +0000 2009","favourites_count":16,"utc_offset":36000,"time_zone":"Melbourne","geo_enabled":false,"verified":false,"statuses_count":27248,"lang":"en","contributors_enabled":false,"is_translator":false,"is_translation_enabled":false,"profile_background_color":"2E2E2E","profile_background_image_url":"http:\/\/pbs.twimg.com\/profile_background_images\/378800000176448832\/PZhXAD7j.jpeg","profile_background_image_url_https":"https:\/\/pbs.twimg.com\/profile_background_images\/378800000176448832\/PZhXAD7j.jpeg","profile_background_tile":false,"profile_image_url":"http:\/\/pbs.twimg.com\/profile_images\/545169076297793537\/QaoMVX6q_normal.png","profile_image_url_https":"https:\/\/pbs.twimg.com\/profile_images\/545169076297793537\/QaoMVX6q_normal.png","profile_banner_url":"https:\/\/pbs.twimg.com\/profile_banners\/69223973\/1392247873","profile_link_color":"83B449","profile_sidebar_border_color":"FFFFFF","profile_sidebar_fill_color":"DDFFCC","profile_text_color":"333333","profile_use_background_image":true,"has_extended_profile":false,"default_profile":false,"default_profile_image":false,"following":false,"follow_request_sent":false,"notifications":false},"geo":null,"coordinates":null,"place":null,"contributors":null,"is_quote_status":false,"retweet_count":2,"favorite_count":1,"favorited":false,"retweeted":false,"possibly_sensitive":false,"lang":"en"},"is_quote_status":false,"retweet_count":2,"favorite_count":0,"favorited":false,"retweeted":false,"possibly_sensitive":false,"lang":"en"},{"created_at":"Sat Jul 30 22:05:51 +0000 2016","id":759510341646778368,"id_str":"759510341646778368","text":"RT @envato_help: Due to planned maintenance, Envato Market will be unavailable from 9AM AEST (11PM UTC). All payments will be disabled at 8\u2026","truncated":false,"entities":{"hashtags":[],"symbols":[],"user_mentions":[{"screen_name":"envato_help","name":"Envato Help","id":69223973,"id_str":"69223973","indices":[3,15]}],"urls":[]},"source":"\u003ca href=\"http:\/\/www.hootsuite.com\" rel=\"nofollow\"\u003eHootsuite\u003c\/a\u003e","in_reply_to_status_id":null,"in_reply_to_status_id_str":null,"in_reply_to_user_id":null,"in_reply_to_user_id_str":null,"in_reply_to_screen_name":null,"user":{"id":16582191,"id_str":"16582191","name":"Envato","screen_name":"envato","location":"Melbourne","description":"A global community of designers & developers. #Australian made #startup @envatomarket @tutsplus. Customer support @envato_help","url":"http:\/\/t.co\/5OvUThFPYI","entities":{"url":{"urls":[{"url":"http:\/\/t.co\/5OvUThFPYI","expanded_url":"http:\/\/envato.com","display_url":"envato.com","indices":[0,22]}]},"description":{"urls":[]}},"protected":false,"followers_count":60225,"friends_count":1492,"listed_count":2021,"created_at":"Fri Oct 03 19:11:51 +0000 2008","favourites_count":706,"utc_offset":36000,"time_zone":"Melbourne","geo_enabled":false,"verified":true,"statuses_count":7756,"lang":"en","contributors_enabled":false,"is_translator":false,"is_translation_enabled":false,"profile_background_color":"323435","profile_background_image_url":"http:\/\/pbs.twimg.com\/profile_background_images\/378800000036129044\/4aaf87e960f30537daa1a0a0c3c4fc31.jpeg","profile_background_image_url_https":"https:\/\/pbs.twimg.com\/profile_background_images\/378800000036129044\/4aaf87e960f30537daa1a0a0c3c4fc31.jpeg","profile_background_tile":false,"profile_image_url":"http:\/\/pbs.twimg.com\/profile_images\/655904741617086464\/nwevoHSQ_normal.png","profile_image_url_https":"https:\/\/pbs.twimg.com\/profile_images\/655904741617086464\/nwevoHSQ_normal.png","profile_banner_url":"https:\/\/pbs.twimg.com\/profile_banners\/16582191\/1470016630","profile_link_color":"83B449","profile_sidebar_border_color":"FFFFFF","profile_sidebar_fill_color":"6C9450","profile_text_color":"242424","profile_use_background_image":true,"has_extended_profile":false,"default_profile":false,"default_profile_image":false,"following":false,"follow_request_sent":false,"notifications":false},"geo":null,"coordinates":null,"place":null,"contributors":null,"retweeted_status":{"created_at":"Sat Jul 30 22:04:58 +0000 2016","id":759510121386872832,"id_str":"759510121386872832","text":"Due to planned maintenance, Envato Market will be unavailable from 9AM AEST (11PM UTC). All payments will be disabled at 8:30AM AEST.","truncated":false,"entities":{"hashtags":[],"symbols":[],"user_mentions":[],"urls":[]},"source":"\u003ca href=\"http:\/\/twitter.com\" rel=\"nofollow\"\u003eTwitter Web Client\u003c\/a\u003e","in_reply_to_status_id":null,"in_reply_to_status_id_str":null,"in_reply_to_user_id":null,"in_reply_to_user_id_str":null,"in_reply_to_screen_name":null,"user":{"id":69223973,"id_str":"69223973","name":"Envato Help","screen_name":"envato_help","location":"","description":"We're here to help.","url":"http:\/\/t.co\/jhBMHKicNx","entities":{"url":{"urls":[{"url":"http:\/\/t.co\/jhBMHKicNx","expanded_url":"http:\/\/help.market.envato.com","display_url":"help.market.envato.com","indices":[0,22]}]},"description":{"urls":[]}},"protected":false,"followers_count":15796,"friends_count":368,"listed_count":264,"created_at":"Thu Aug 27 06:47:18 +0000 2009","favourites_count":16,"utc_offset":36000,"time_zone":"Melbourne","geo_enabled":false,"verified":false,"statuses_count":27248,"lang":"en","contributors_enabled":false,"is_translator":false,"is_translation_enabled":false,"profile_background_color":"2E2E2E","profile_background_image_url":"http:\/\/pbs.twimg.com\/profile_background_images\/378800000176448832\/PZhXAD7j.jpeg","profile_background_image_url_https":"https:\/\/pbs.twimg.com\/profile_background_images\/378800000176448832\/PZhXAD7j.jpeg","profile_background_tile":false,"profile_image_url":"http:\/\/pbs.twimg.com\/profile_images\/545169076297793537\/QaoMVX6q_normal.png","profile_image_url_https":"https:\/\/pbs.twimg.com\/profile_images\/545169076297793537\/QaoMVX6q_normal.png","profile_banner_url":"https:\/\/pbs.twimg.com\/profile_banners\/69223973\/1392247873","profile_link_color":"83B449","profile_sidebar_border_color":"FFFFFF","profile_sidebar_fill_color":"DDFFCC","profile_text_color":"333333","profile_use_background_image":true,"has_extended_profile":false,"default_profile":false,"default_profile_image":false,"following":false,"follow_request_sent":false,"notifications":false},"geo":null,"coordinates":null,"place":null,"contributors":null,"is_quote_status":false,"retweet_count":3,"favorite_count":2,"favorited":false,"retweeted":false,"lang":"en"},"is_quote_status":false,"retweet_count":3,"favorite_count":0,"favorited":false,"retweeted":false,"lang":"en"}]